gene,DPP4,local
ENA|AP006557|AP006557.1,sp|P27487|DPP4_HUMAN,42
ENA|AP006557|AP006557.1,sp|P28843|DPP4_MOUSE,38
ENA|AP006558|AP006558.1,sp|P27487|DPP4_HUMAN,42
ENA|AP006558|AP006558.1,sp|P28843|DPP4_MOUSE,38
ENA|AP006559|AP006559.1,sp|P27487|DPP4_HUMAN,42
ENA|AP006559|AP006559.1,sp|P28843|DPP4_MOUSE,38
ENA|AP006560|AP006560.1,sp|P27487|DPP4_HUMAN,42
ENA|AP006560|AP006560.1,sp|P28843|DPP4_MOUSE,38
ENA|AP006561|AP006561.1,sp|P27487|DPP4_HUMAN,42
ENA|AP006561|AP006561.1,sp|P28843|DPP4_MOUSE,38
ENA|AY278487|AY278487.3,sp|P27487|DPP4_HUMAN,41
ENA|AY278487|AY278487.3,sp|P28843|DPP4_MOUSE,38
ENA|AY278488|AY278488.2,sp|P27487|DPP4_HUMAN,42
ENA|AY278488|AY278488.2,sp|P28843|DPP4_MOUSE,38
ENA|AY278489|AY278489.2,sp|P27487|DPP4_HUMAN,50
ENA|AY278489|AY278489.2,sp|P28843|DPP4_MOUSE,52
ENA|AY278490|AY278490.3,sp|P27487|DPP4_HUMAN,42
ENA|AY278490|AY278490.3,sp|P28843|DPP4_MOUSE,38
ENA|AY278741|AY278741.1,sp|P27487|DPP4_HUMAN,42
ENA|AY278741|AY278741.1,sp|P28843|DPP4_MOUSE,38
ENA|AY279354|AY279354.2,sp|P27487|DPP4_HUMAN,52
ENA|AY279354|AY279354.2,sp|P28843|DPP4_MOUSE,54
ENA|AY283794|AY283794.1,sp|P27487|DPP4_HUMAN,50
ENA|AY283794|AY283794.1,sp|P28843|DPP4_MOUSE,52
ENA|AY283795|AY283795.1,sp|P27487|DPP4_HUMAN,50
ENA|AY283795|AY283795.1,sp|P28843|DPP4_MOUSE,52
ENA|AY283796|AY283796.1,sp|P27487|DPP4_HUMAN,50
ENA|AY283796|AY283796.1,sp|P28843|DPP4_MOUSE,52
ENA|AY283797|AY283797.1,sp|P27487|DPP4_HUMAN,50
ENA|AY283797|AY283797.1,sp|P28843|DPP4_MOUSE,52
ENA|AY283798|AY283798.2,sp|P27487|DPP4_HUMAN,50
ENA|AY283798|AY283798.2,sp|P28843|DPP4_MOUSE,52
ENA|AY286320|AY286320.4,sp|P27487|DPP4_HUMAN,50
ENA|AY286320|AY286320.4,sp|P28843|DPP4_MOUSE,52
ENA|AY291315|AY291315.1,sp|P27487|DPP4_HUMAN,42
ENA|AY291315|AY291315.1,sp|P28843|DPP4_MOUSE,38
ENA|AY291451|AY291451.1,sp|P27487|DPP4_HUMAN,42
ENA|AY291451|AY291451.1,sp|P28843|DPP4_MOUSE,38
ENA|AY297028|AY297028.1,sp|P27487|DPP4_HUMAN,46
ENA|AY297028|AY297028.1,sp|P28843|DPP4_MOUSE,40
ENA|AY304487|AY304487.1,sp|P27487|DPP4_HUMAN,33
ENA|AY304487|AY304487.1,sp|P28843|DPP4_MOUSE,33
ENA|AY304489|AY304489.1,sp|P27487|DPP4_HUMAN,33
ENA|AY304489|AY304489.1,sp|P28843|DPP4_MOUSE,33
ENA|AY304490|AY304490.1,sp|P27487|DPP4_HUMAN,40
ENA|AY304490|AY304490.1,sp|P28843|DPP4_MOUSE,41
ENA|AY304491|AY304491.1,sp|P27487|DPP4_HUMAN,41
ENA|AY304491|AY304491.1,sp|P28843|DPP4_MOUSE,38
ENA|AY304492|AY304492.1,sp|P27487|DPP4_HUMAN,40
ENA|AY304492|AY304492.1,sp|P28843|DPP4_MOUSE,40
ENA|AY304493|AY304493.1,sp|P27487|DPP4_HUMAN,41
ENA|AY304493|AY304493.1,sp|P28843|DPP4_MOUSE,38
ENA|AY304494|AY304494.1,sp|P27487|DPP4_HUMAN,41
ENA|AY304494|AY304494.1,sp|P28843|DPP4_MOUSE,38
ENA|AY304495|AY304495.1,sp|P27487|DPP4_HUMAN,50
ENA|AY304495|AY304495.1,sp|P28843|DPP4_MOUSE,52
ENA|AY310120|AY310120.1,sp|P27487|DPP4_HUMAN,42
ENA|AY310120|AY310120.1,sp|P28843|DPP4_MOUSE,38
ENA|AY313906|AY313906.1,sp|P27487|DPP4_HUMAN,40
ENA|AY313906|AY313906.1,sp|P28843|DPP4_MOUSE,38
ENA|AY321118|AY321118.1,sp|P27487|DPP4_HUMAN,42
ENA|AY321118|AY321118.1,sp|P28843|DPP4_MOUSE,38
ENA|AY362698|AY362698.1,sp|P27487|DPP4_HUMAN,42
ENA|AY362698|AY362698.1,sp|P28843|DPP4_MOUSE,38
ENA|AY362699|AY362699.1,sp|P27487|DPP4_HUMAN,42
ENA|AY362699|AY362699.1,sp|P28843|DPP4_MOUSE,38
ENA|AY390556|AY390556.1,sp|P27487|DPP4_HUMAN,42
ENA|AY390556|AY390556.1,sp|P28843|DPP4_MOUSE,38
ENA|AY394850|AY394850.2,sp|P27487|DPP4_HUMAN,42
ENA|AY394850|AY394850.2,sp|P28843|DPP4_MOUSE,38
ENA|AY394988|AY394988.1,sp|P27487|DPP4_HUMAN,42
ENA|AY394988|AY394988.1,sp|P28843|DPP4_MOUSE,38
ENA|AY394993|AY394993.1,sp|P27487|DPP4_HUMAN,50
ENA|AY394993|AY394993.1,sp|P28843|DPP4_MOUSE,52
ENA|AY394998|AY394998.1,sp|P27487|DPP4_HUMAN,50
ENA|AY394998|AY394998.1,sp|P28843|DPP4_MOUSE,52
ENA|AY394999|AY394999.1,sp|P27487|DPP4_HUMAN,50
ENA|AY394999|AY394999.1,sp|P28843|DPP4_MOUSE,52
ENA|AY395000|AY395000.1,sp|P27487|DPP4_HUMAN,50
ENA|AY395000|AY395000.1,sp|P28843|DPP4_MOUSE,52
ENA|AY395001|AY395001.1,sp|P27487|DPP4_HUMAN,50
ENA|AY395001|AY395001.1,sp|P28843|DPP4_MOUSE,52
ENA|AY395002|AY395002.1,sp|P27487|DPP4_HUMAN,50
ENA|AY395002|AY395002.1,sp|P28843|DPP4_MOUSE,52
ENA|AY461660|AY461660.1,sp|P27487|DPP4_HUMAN,50
ENA|AY461660|AY461660.1,sp|P28843|DPP4_MOUSE,52
ENA|AY463059|AY463059.1,sp|P27487|DPP4_HUMAN,43
ENA|AY463059|AY463059.1,sp|P28843|DPP4_MOUSE,38
ENA|AY463060|AY463060.1,sp|P27487|DPP4_HUMAN,43
ENA|AY463060|AY463060.1,sp|P28843|DPP4_MOUSE,38
ENA|AY502923|AY502923.1,sp|P27487|DPP4_HUMAN,42
ENA|AY502923|AY502923.1,sp|P28843|DPP4_MOUSE,38
ENA|AY502924|AY502924.1,sp|P27487|DPP4_HUMAN,42
ENA|AY502924|AY502924.1,sp|P28843|DPP4_MOUSE,38
ENA|AY502925|AY502925.1,sp|P27487|DPP4_HUMAN,42
ENA|AY502925|AY502925.1,sp|P28843|DPP4_MOUSE,38
ENA|AY502926|AY502926.1,sp|P27487|DPP4_HUMAN,42
ENA|AY502926|AY502926.1,sp|P28843|DPP4_MOUSE,38
ENA|AY502927|AY502927.1,sp|P27487|DPP4_HUMAN,42
ENA|AY502927|AY502927.1,sp|P28843|DPP4_MOUSE,38
ENA|AY502928|AY502928.1,sp|P27487|DPP4_HUMAN,42
ENA|AY502928|AY502928.1,sp|P28843|DPP4_MOUSE,38
ENA|AY502929|AY502929.1,sp|P27487|DPP4_HUMAN,42
ENA|AY502929|AY502929.1,sp|P28843|DPP4_MOUSE,38
ENA|AY502930|AY502930.1,sp|P27487|DPP4_HUMAN,42
ENA|AY502930|AY502930.1,sp|P28843|DPP4_MOUSE,38
ENA|AY502931|AY502931.1,sp|P27487|DPP4_HUMAN,42
ENA|AY502931|AY502931.1,sp|P28843|DPP4_MOUSE,38
ENA|AY502932|AY502932.1,sp|P27487|DPP4_HUMAN,42
ENA|AY502932|AY502932.1,sp|P28843|DPP4_MOUSE,38
ENA|AY545914|AY545914.1,sp|P27487|DPP4_HUMAN,42
ENA|AY545914|AY545914.1,sp|P28843|DPP4_MOUSE,38
ENA|AY545915|AY545915.1,sp|P27487|DPP4_HUMAN,42
ENA|AY545915|AY545915.1,sp|P28843|DPP4_MOUSE,38
ENA|AY545916|AY545916.1,sp|P27487|DPP4_HUMAN,42
ENA|AY545916|AY545916.1,sp|P28843|DPP4_MOUSE,38
ENA|AY545917|AY545917.1,sp|P27487|DPP4_HUMAN,42
ENA|AY545917|AY545917.1,sp|P28843|DPP4_MOUSE,38
ENA|AY545918|AY545918.1,sp|P27487|DPP4_HUMAN,42
ENA|AY545918|AY545918.1,sp|P28843|DPP4_MOUSE,38
ENA|AY545919|AY545919.1,sp|P27487|DPP4_HUMAN,42
ENA|AY545919|AY545919.1,sp|P28843|DPP4_MOUSE,38
ENA|AY559081|AY559081.1,sp|P27487|DPP4_HUMAN,50
ENA|AY559081|AY559081.1,sp|P28843|DPP4_MOUSE,52
ENA|AY559082|AY559082.1,sp|P27487|DPP4_HUMAN,42
ENA|AY559082|AY559082.1,sp|P28843|DPP4_MOUSE,38
ENA|AY559083|AY559083.1,sp|P27487|DPP4_HUMAN,50
ENA|AY559083|AY559083.1,sp|P28843|DPP4_MOUSE,52
ENA|AY559084|AY559084.1,sp|P27487|DPP4_HUMAN,50
ENA|AY559084|AY559084.1,sp|P28843|DPP4_MOUSE,52
ENA|AY559085|AY559085.1,sp|P27487|DPP4_HUMAN,50
ENA|AY559085|AY559085.1,sp|P28843|DPP4_MOUSE,52
ENA|AY559086|AY559086.1,sp|P27487|DPP4_HUMAN,50
ENA|AY559086|AY559086.1,sp|P28843|DPP4_MOUSE,52
ENA|AY559087|AY559087.1,sp|P27487|DPP4_HUMAN,50
ENA|AY559087|AY559087.1,sp|P28843|DPP4_MOUSE,52
ENA|AY559088|AY559088.1,sp|P27487|DPP4_HUMAN,42
ENA|AY559088|AY559088.1,sp|P28843|DPP4_MOUSE,40
ENA|AY559089|AY559089.1,sp|P27487|DPP4_HUMAN,53
ENA|AY559089|AY559089.1,sp|P28843|DPP4_MOUSE,52
ENA|AY559090|AY559090.1,sp|P27487|DPP4_HUMAN,41
ENA|AY559090|AY559090.1,sp|P28843|DPP4_MOUSE,39
ENA|AY559091|AY559091.1,sp|P27487|DPP4_HUMAN,50
ENA|AY559091|AY559091.1,sp|P28843|DPP4_MOUSE,52
ENA|AY559092|AY559092.1,sp|P27487|DPP4_HUMAN,50
ENA|AY559092|AY559092.1,sp|P28843|DPP4_MOUSE,52
ENA|AY559093|AY559093.1,sp|P27487|DPP4_HUMAN,50
ENA|AY559093|AY559093.1,sp|P28843|DPP4_MOUSE,52
ENA|AY559094|AY559094.1,sp|P27487|DPP4_HUMAN,46
ENA|AY559094|AY559094.1,sp|P28843|DPP4_MOUSE,40
ENA|AY559095|AY559095.1,sp|P27487|DPP4_HUMAN,50
ENA|AY559095|AY559095.1,sp|P28843|DPP4_MOUSE,52
ENA|AY559096|AY559096.1,sp|P27487|DPP4_HUMAN,42
ENA|AY559096|AY559096.1,sp|P28843|DPP4_MOUSE,38
ENA|AY559097|AY559097.1,sp|P27487|DPP4_HUMAN,42
ENA|AY559097|AY559097.1,sp|P28843|DPP4_MOUSE,40
ENA|AY568539|AY568539.1,sp|P27487|DPP4_HUMAN,42
ENA|AY568539|AY568539.1,sp|P28843|DPP4_MOUSE,38
ENA|AY572035|AY572035.1,sp|P27487|DPP4_HUMAN,42
ENA|AY572035|AY572035.1,sp|P28843|DPP4_MOUSE,38
ENA|AY613947|AY613947.1,sp|P27487|DPP4_HUMAN,42
ENA|AY613947|AY613947.1,sp|P28843|DPP4_MOUSE,38
ENA|AY654624|AY654624.1,sp|P27487|DPP4_HUMAN,42
ENA|AY654624|AY654624.1,sp|P28843|DPP4_MOUSE,38
ENA|AY686864|AY686864.1,sp|P27487|DPP4_HUMAN,42
ENA|AY686864|AY686864.1,sp|P28843|DPP4_MOUSE,38
ENA|AY772062|AY772062.1,sp|P27487|DPP4_HUMAN,42
ENA|AY772062|AY772062.1,sp|P28843|DPP4_MOUSE,38
ENA|AY864805|AY864805.1,sp|P27487|DPP4_HUMAN,42
ENA|AY864805|AY864805.1,sp|P28843|DPP4_MOUSE,38
ENA|AY864806|AY864806.1,sp|P27487|DPP4_HUMAN,42
ENA|AY864806|AY864806.1,sp|P28843|DPP4_MOUSE,38
ENA|DQ497008|DQ497008.1,sp|P27487|DPP4_HUMAN,42
ENA|DQ497008|DQ497008.1,sp|P28843|DPP4_MOUSE,38
ENA|DQ898174|DQ898174.1,sp|P27487|DPP4_HUMAN,42
ENA|DQ898174|DQ898174.1,sp|P28843|DPP4_MOUSE,38
ENA|EU371561|EU371561.1,sp|P27487|DPP4_HUMAN,42
ENA|EU371561|EU371561.1,sp|P28843|DPP4_MOUSE,41
ENA|FJ882926|FJ882926.1,sp|P27487|DPP4_HUMAN,42
ENA|FJ882926|FJ882926.1,sp|P28843|DPP4_MOUSE,38
ENA|FJ882930|FJ882930.1,sp|P27487|DPP4_HUMAN,42
ENA|FJ882930|FJ882930.1,sp|P28843|DPP4_MOUSE,38
ENA|FJ882957|FJ882957.1,sp|P27487|DPP4_HUMAN,42
ENA|FJ882957|FJ882957.1,sp|P28843|DPP4_MOUSE,38
ENA|FJ882963|FJ882963.1,sp|P27487|DPP4_HUMAN,42
ENA|FJ882963|FJ882963.1,sp|P28843|DPP4_MOUSE,38
ENA|FJ959407|FJ959407.1,sp|P27487|DPP4_HUMAN,42
ENA|FJ959407|FJ959407.1,sp|P28843|DPP4_MOUSE,38
ENA|JX163923|JX163923.1,sp|P27487|DPP4_HUMAN,42
ENA|JX163923|JX163923.1,sp|P28843|DPP4_MOUSE,38
ENA|JX163924|JX163924.1,sp|P27487|DPP4_HUMAN,42
ENA|JX163924|JX163924.1,sp|P28843|DPP4_MOUSE,38
ENA|JX163925|JX163925.1,sp|P27487|DPP4_HUMAN,42
ENA|JX163925|JX163925.1,sp|P28843|DPP4_MOUSE,38
ENA|JX163926|JX163926.1,sp|P27487|DPP4_HUMAN,42
ENA|JX163926|JX163926.1,sp|P28843|DPP4_MOUSE,38
ENA|JX163927|JX163927.1,sp|P27487|DPP4_HUMAN,42
ENA|JX163927|JX163927.1,sp|P28843|DPP4_MOUSE,38
ENA|JX163928|JX163928.1,sp|P27487|DPP4_HUMAN,42
ENA|JX163928|JX163928.1,sp|P28843|DPP4_MOUSE,38
ENA|AH013708|AH013708.2,sp|P27487|DPP4_HUMAN,40
ENA|AH013708|AH013708.2,sp|P28843|DPP4_MOUSE,38
ENA|AH013709|AH013709.2,sp|P27487|DPP4_HUMAN,50
ENA|AH013709|AH013709.2,sp|P28843|DPP4_MOUSE,52
ENA|AY278491|AY278491.2,sp|P27487|DPP4_HUMAN,42
ENA|AY278491|AY278491.2,sp|P28843|DPP4_MOUSE,38
ENA|AY278554|AY278554.2,sp|P27487|DPP4_HUMAN,50
ENA|AY278554|AY278554.2,sp|P28843|DPP4_MOUSE,52
ENA|AY282752|AY282752.2,sp|P27487|DPP4_HUMAN,50
ENA|AY282752|AY282752.2,sp|P28843|DPP4_MOUSE,52
ENA|AY323977|AY323977.2,sp|P27487|DPP4_HUMAN,42
ENA|AY323977|AY323977.2,sp|P28843|DPP4_MOUSE,38
ENA|AY338174|AY338174.1,sp|P27487|DPP4_HUMAN,42
ENA|AY338174|AY338174.1,sp|P28843|DPP4_MOUSE,38
ENA|AY338175|AY338175.1,sp|P27487|DPP4_HUMAN,42
ENA|AY338175|AY338175.1,sp|P28843|DPP4_MOUSE,38
ENA|AY345986|AY345986.1,sp|P27487|DPP4_HUMAN,50
ENA|AY345986|AY345986.1,sp|P28843|DPP4_MOUSE,52
ENA|AY345987|AY345987.1,sp|P27487|DPP4_HUMAN,50
ENA|AY345987|AY345987.1,sp|P28843|DPP4_MOUSE,52
ENA|AY345988|AY345988.1,sp|P27487|DPP4_HUMAN,50
ENA|AY345988|AY345988.1,sp|P28843|DPP4_MOUSE,52
ENA|AY348314|AY348314.1,sp|P27487|DPP4_HUMAN,42
ENA|AY348314|AY348314.1,sp|P28843|DPP4_MOUSE,38
ENA|AY350750|AY350750.1,sp|P27487|DPP4_HUMAN,50
ENA|AY350750|AY350750.1,sp|P28843|DPP4_MOUSE,52
ENA|AY351680|AY351680.1,sp|P27487|DPP4_HUMAN,46
ENA|AY351680|AY351680.1,sp|P28843|DPP4_MOUSE,39
ENA|AY357075|AY357075.1,sp|P27487|DPP4_HUMAN,50
ENA|AY357075|AY357075.1,sp|P28843|DPP4_MOUSE,52
ENA|AY357076|AY357076.1,sp|P27487|DPP4_HUMAN,50
ENA|AY357076|AY357076.1,sp|P28843|DPP4_MOUSE,52
ENA|AY394977|AY394977.1,sp|P27487|DPP4_HUMAN,42
ENA|AY394977|AY394977.1,sp|P28843|DPP4_MOUSE,38
ENA|AY394978|AY394978.1,sp|P27487|DPP4_HUMAN,42
ENA|AY394978|AY394978.1,sp|P28843|DPP4_MOUSE,38
ENA|AY394979|AY394979.1,sp|P27487|DPP4_HUMAN,42
ENA|AY394979|AY394979.1,sp|P28843|DPP4_MOUSE,38
ENA|AY394980|AY394980.1,sp|P27487|DPP4_HUMAN,42
ENA|AY394980|AY394980.1,sp|P28843|DPP4_MOUSE,38
ENA|AY394981|AY394981.1,sp|P27487|DPP4_HUMAN,42
ENA|AY394981|AY394981.1,sp|P28843|DPP4_MOUSE,38
ENA|AY394982|AY394982.1,sp|P27487|DPP4_HUMAN,42
ENA|AY394982|AY394982.1,sp|P28843|DPP4_MOUSE,38
ENA|AY394983|AY394983.1,sp|P27487|DPP4_HUMAN,42
ENA|AY394983|AY394983.1,sp|P28843|DPP4_MOUSE,38
ENA|AY394984|AY394984.1,sp|P27487|DPP4_HUMAN,42
ENA|AY394984|AY394984.1,sp|P28843|DPP4_MOUSE,38
ENA|AY394985|AY394985.1,sp|P27487|DPP4_HUMAN,50
ENA|AY394985|AY394985.1,sp|P28843|DPP4_MOUSE,52
ENA|AY394986|AY394986.1,sp|P27487|DPP4_HUMAN,42
ENA|AY394986|AY394986.1,sp|P28843|DPP4_MOUSE,38
ENA|AY394987|AY394987.1,sp|P27487|DPP4_HUMAN,42
ENA|AY394987|AY394987.1,sp|P28843|DPP4_MOUSE,38
ENA|AY394989|AY394989.1,sp|P27487|DPP4_HUMAN,50
ENA|AY394989|AY394989.1,sp|P28843|DPP4_MOUSE,52
ENA|AY394990|AY394990.1,sp|P27487|DPP4_HUMAN,50
ENA|AY394990|AY394990.1,sp|P28843|DPP4_MOUSE,52
ENA|AY394991|AY394991.1,sp|P27487|DPP4_HUMAN,50
ENA|AY394991|AY394991.1,sp|P28843|DPP4_MOUSE,52
ENA|AY394992|AY394992.1,sp|P27487|DPP4_HUMAN,50
ENA|AY394992|AY394992.1,sp|P28843|DPP4_MOUSE,52
ENA|AY394994|AY394994.1,sp|P27487|DPP4_HUMAN,50
ENA|AY394994|AY394994.1,sp|P28843|DPP4_MOUSE,52
ENA|AY394995|AY394995.1,sp|P27487|DPP4_HUMAN,50
ENA|AY394995|AY394995.1,sp|P28843|DPP4_MOUSE,52
ENA|AY394996|AY394996.1,sp|P27487|DPP4_HUMAN,50
ENA|AY394996|AY394996.1,sp|P28843|DPP4_MOUSE,52
ENA|AY394997|AY394997.1,sp|P27487|DPP4_HUMAN,50
ENA|AY394997|AY394997.1,sp|P28843|DPP4_MOUSE,52
ENA|AY395003|AY395003.1,sp|P27487|DPP4_HUMAN,42
ENA|AY395003|AY395003.1,sp|P28843|DPP4_MOUSE,38
ENA|AY395004|AY395004.1,sp|P27487|DPP4_HUMAN,42
ENA|AY395004|AY395004.1,sp|P28843|DPP4_MOUSE,38
ENA|AY427439|AY427439.1,sp|P27487|DPP4_HUMAN,50
ENA|AY427439|AY427439.1,sp|P28843|DPP4_MOUSE,52
ENA|AY485277|AY485277.1,sp|P27487|DPP4_HUMAN,42
ENA|AY485277|AY485277.1,sp|P28843|DPP4_MOUSE,38
ENA|AY485278|AY485278.1,sp|P27487|DPP4_HUMAN,42
ENA|AY485278|AY485278.1,sp|P28843|DPP4_MOUSE,38
ENA|AY508724|AY508724.1,sp|P27487|DPP4_HUMAN,52
ENA|AY508724|AY508724.1,sp|P28843|DPP4_MOUSE,54
ENA|AY572038|AY572038.1,sp|P27487|DPP4_HUMAN,42
ENA|AY572038|AY572038.1,sp|P28843|DPP4_MOUSE,38
ENA|AY595412|AY595412.1,sp|P27487|DPP4_HUMAN,52
ENA|AY595412|AY595412.1,sp|P28843|DPP4_MOUSE,54
ENA|AY613948|AY613948.1,sp|P27487|DPP4_HUMAN,42
ENA|AY613948|AY613948.1,sp|P28843|DPP4_MOUSE,38
ENA|AY613949|AY613949.1,sp|P27487|DPP4_HUMAN,42
ENA|AY613949|AY613949.1,sp|P28843|DPP4_MOUSE,38
ENA|AY613950|AY613950.1,sp|P27487|DPP4_HUMAN,42
ENA|AY613950|AY613950.1,sp|P28843|DPP4_MOUSE,38
ENA|AY686863|AY686863.1,sp|P27487|DPP4_HUMAN,42
ENA|AY686863|AY686863.1,sp|P28843|DPP4_MOUSE,38
ENA|AY714217|AY714217.1,sp|P27487|DPP4_HUMAN,42
ENA|AY714217|AY714217.1,sp|P28843|DPP4_MOUSE,38
ENA|DQ182595|DQ182595.1,sp|P27487|DPP4_HUMAN,50
ENA|DQ182595|DQ182595.1,sp|P28843|DPP4_MOUSE,52
ENA|DQ640652|DQ640652.1,sp|P27487|DPP4_HUMAN,52
ENA|DQ640652|DQ640652.1,sp|P28843|DPP4_MOUSE,54
ENA|EU371559|EU371559.1,sp|P27487|DPP4_HUMAN,42
ENA|EU371559|EU371559.1,sp|P28843|DPP4_MOUSE,38
ENA|EU371560|EU371560.1,sp|P27487|DPP4_HUMAN,42
ENA|EU371560|EU371560.1,sp|P28843|DPP4_MOUSE,41
ENA|EU371562|EU371562.1,sp|P27487|DPP4_HUMAN,42
ENA|EU371562|EU371562.1,sp|P28843|DPP4_MOUSE,41
ENA|EU371563|EU371563.1,sp|P27487|DPP4_HUMAN,42
ENA|EU371563|EU371563.1,sp|P28843|DPP4_MOUSE,41
ENA|EU371564|EU371564.1,sp|P27487|DPP4_HUMAN,44
ENA|EU371564|EU371564.1,sp|P28843|DPP4_MOUSE,41
ENA|FJ882928|FJ882928.1,sp|P27487|DPP4_HUMAN,42
ENA|FJ882928|FJ882928.1,sp|P28843|DPP4_MOUSE,38
ENA|FJ882929|FJ882929.1,sp|P27487|DPP4_HUMAN,42
ENA|FJ882929|FJ882929.1,sp|P28843|DPP4_MOUSE,38
ENA|FJ882931|FJ882931.1,sp|P27487|DPP4_HUMAN,42
ENA|FJ882931|FJ882931.1,sp|P28843|DPP4_MOUSE,38
ENA|FJ882938|FJ882938.1,sp|P27487|DPP4_HUMAN,42
ENA|FJ882938|FJ882938.1,sp|P28843|DPP4_MOUSE,38
ENA|FJ882940|FJ882940.1,sp|P27487|DPP4_HUMAN,42
ENA|FJ882940|FJ882940.1,sp|P28843|DPP4_MOUSE,38
ENA|FJ882941|FJ882941.1,sp|P27487|DPP4_HUMAN,42
ENA|FJ882941|FJ882941.1,sp|P28843|DPP4_MOUSE,38
ENA|FJ882943|FJ882943.1,sp|P27487|DPP4_HUMAN,42
ENA|FJ882943|FJ882943.1,sp|P28843|DPP4_MOUSE,38
ENA|FJ882944|FJ882944.1,sp|P27487|DPP4_HUMAN,42
ENA|FJ882944|FJ882944.1,sp|P28843|DPP4_MOUSE,38
ENA|FJ882945|FJ882945.1,sp|P27487|DPP4_HUMAN,42
ENA|FJ882945|FJ882945.1,sp|P28843|DPP4_MOUSE,38
ENA|FJ882948|FJ882948.1,sp|P27487|DPP4_HUMAN,42
ENA|FJ882948|FJ882948.1,sp|P28843|DPP4_MOUSE,38
ENA|FJ882950|FJ882950.1,sp|P27487|DPP4_HUMAN,42
ENA|FJ882950|FJ882950.1,sp|P28843|DPP4_MOUSE,38
ENA|FJ882952|FJ882952.1,sp|P27487|DPP4_HUMAN,42
ENA|FJ882952|FJ882952.1,sp|P28843|DPP4_MOUSE,38
ENA|FJ882954|FJ882954.1,sp|P27487|DPP4_HUMAN,42
ENA|FJ882954|FJ882954.1,sp|P28843|DPP4_MOUSE,38
ENA|FJ882955|FJ882955.1,sp|P27487|DPP4_HUMAN,42
ENA|FJ882955|FJ882955.1,sp|P28843|DPP4_MOUSE,38
ENA|FJ882956|FJ882956.1,sp|P27487|DPP4_HUMAN,42
ENA|FJ882956|FJ882956.1,sp|P28843|DPP4_MOUSE,38
ENA|FJ882958|FJ882958.1,sp|P27487|DPP4_HUMAN,42
ENA|FJ882958|FJ882958.1,sp|P28843|DPP4_MOUSE,38
ENA|FJ882960|FJ882960.1,sp|P27487|DPP4_HUMAN,42
ENA|FJ882960|FJ882960.1,sp|P28843|DPP4_MOUSE,38
ENA|FJ882961|FJ882961.1,sp|P27487|DPP4_HUMAN,42
ENA|FJ882961|FJ882961.1,sp|P28843|DPP4_MOUSE,38
ENA|HQ890541|HQ890541.1,sp|P27487|DPP4_HUMAN,42
ENA|HQ890541|HQ890541.1,sp|P28843|DPP4_MOUSE,38
ENA|HQ890542|HQ890542.1,sp|P27487|DPP4_HUMAN,42
ENA|HQ890542|HQ890542.1,sp|P28843|DPP4_MOUSE,38
ENA|HQ890543|HQ890543.1,sp|P27487|DPP4_HUMAN,42
ENA|HQ890543|HQ890543.1,sp|P28843|DPP4_MOUSE,38
ENA|HQ890544|HQ890544.1,sp|P27487|DPP4_HUMAN,42
ENA|HQ890544|HQ890544.1,sp|P28843|DPP4_MOUSE,38
ENA|HQ890545|HQ890545.1,sp|P27487|DPP4_HUMAN,42
ENA|HQ890545|HQ890545.1,sp|P28843|DPP4_MOUSE,38
ENA|HQ890546|HQ890546.1,sp|P27487|DPP4_HUMAN,42
ENA|HQ890546|HQ890546.1,sp|P28843|DPP4_MOUSE,38
ENA|JF292907|JF292907.1,sp|P27487|DPP4_HUMAN,42
ENA|JF292907|JF292907.1,sp|P28843|DPP4_MOUSE,38
ENA|JF292908|JF292908.1,sp|P27487|DPP4_HUMAN,42
ENA|JF292908|JF292908.1,sp|P28843|DPP4_MOUSE,38
ENA|JF292909|JF292909.1,sp|P27487|DPP4_HUMAN,42
ENA|JF292909|JF292909.1,sp|P28843|DPP4_MOUSE,38
ENA|JF292910|JF292910.1,sp|P27487|DPP4_HUMAN,42
ENA|JF292910|JF292910.1,sp|P28843|DPP4_MOUSE,38
ENA|JF292911|JF292911.1,sp|P27487|DPP4_HUMAN,42
ENA|JF292911|JF292911.1,sp|P28843|DPP4_MOUSE,38
ENA|JF292912|JF292912.1,sp|P27487|DPP4_HUMAN,42
ENA|JF292912|JF292912.1,sp|P28843|DPP4_MOUSE,38
ENA|JF292913|JF292913.1,sp|P27487|DPP4_HUMAN,42
ENA|JF292913|JF292913.1,sp|P28843|DPP4_MOUSE,38
ENA|JF292914|JF292914.1,sp|P27487|DPP4_HUMAN,42
ENA|JF292914|JF292914.1,sp|P28843|DPP4_MOUSE,38
ENA|JF292915|JF292915.1,sp|P27487|DPP4_HUMAN,42
ENA|JF292915|JF292915.1,sp|P28843|DPP4_MOUSE,38
ENA|JF292916|JF292916.1,sp|P27487|DPP4_HUMAN,42
ENA|JF292916|JF292916.1,sp|P28843|DPP4_MOUSE,38
ENA|JF292917|JF292917.1,sp|P27487|DPP4_HUMAN,42
ENA|JF292917|JF292917.1,sp|P28843|DPP4_MOUSE,38
ENA|JF292918|JF292918.1,sp|P27487|DPP4_HUMAN,42
ENA|JF292918|JF292918.1,sp|P28843|DPP4_MOUSE,38
ENA|JF292919|JF292919.1,sp|P27487|DPP4_HUMAN,42
ENA|JF292919|JF292919.1,sp|P28843|DPP4_MOUSE,38
ENA|JF292920|JF292920.1,sp|P27487|DPP4_HUMAN,42
ENA|JF292920|JF292920.1,sp|P28843|DPP4_MOUSE,38
ENA|JF292922|JF292922.1,sp|P27487|DPP4_HUMAN,42
ENA|JF292922|JF292922.1,sp|P28843|DPP4_MOUSE,38
ENA|JQ316196|JQ316196.1,sp|P27487|DPP4_HUMAN,42
ENA|JQ316196|JQ316196.1,sp|P28843|DPP4_MOUSE,38
ENA|JX162087|JX162087.1,sp|P27487|DPP4_HUMAN,42
ENA|JX162087|JX162087.1,sp|P28843|DPP4_MOUSE,38
ENA|KT444582|KT444582.1,sp|P27487|DPP4_HUMAN,42
ENA|KT444582|KT444582.1,sp|P28843|DPP4_MOUSE,40
ENA|KY417144|KY417144.1,sp|P27487|DPP4_HUMAN,41
ENA|KY417144|KY417144.1,sp|P28843|DPP4_MOUSE,43
ENA|KY417145|KY417145.1,sp|P27487|DPP4_HUMAN,48
ENA|KY417145|KY417145.1,sp|P28843|DPP4_MOUSE,42
ENA|KY417149|KY417149.1,sp|P27487|DPP4_HUMAN,46
ENA|KY417149|KY417149.1,sp|P28843|DPP4_MOUSE,39
ENA|DQ022305|DQ022305.2,sp|P27487|DPP4_HUMAN,46
ENA|DQ022305|DQ022305.2,sp|P28843|DPP4_MOUSE,43
ENA|DQ084199|DQ084199.1,sp|P27487|DPP4_HUMAN,46
ENA|DQ084199|DQ084199.1,sp|P28843|DPP4_MOUSE,43
ENA|FJ882927|FJ882927.1,sp|P27487|DPP4_HUMAN,42
ENA|FJ882927|FJ882927.1,sp|P28843|DPP4_MOUSE,38
ENA|FJ882932|FJ882932.1,sp|P27487|DPP4_HUMAN,42
ENA|FJ882932|FJ882932.1,sp|P28843|DPP4_MOUSE,38
ENA|FJ882933|FJ882933.1,sp|P27487|DPP4_HUMAN,42
ENA|FJ882933|FJ882933.1,sp|P28843|DPP4_MOUSE,38
ENA|FJ882934|FJ882934.1,sp|P27487|DPP4_HUMAN,42
ENA|FJ882934|FJ882934.1,sp|P28843|DPP4_MOUSE,38
ENA|FJ882935|FJ882935.1,sp|P27487|DPP4_HUMAN,42
ENA|FJ882935|FJ882935.1,sp|P28843|DPP4_MOUSE,38
ENA|FJ882936|FJ882936.1,sp|P27487|DPP4_HUMAN,42
ENA|FJ882936|FJ882936.1,sp|P28843|DPP4_MOUSE,38
ENA|FJ882937|FJ882937.1,sp|P27487|DPP4_HUMAN,42
ENA|FJ882937|FJ882937.1,sp|P28843|DPP4_MOUSE,38
ENA|FJ882939|FJ882939.1,sp|P27487|DPP4_HUMAN,42
ENA|FJ882939|FJ882939.1,sp|P28843|DPP4_MOUSE,38
ENA|FJ882942|FJ882942.1,sp|P27487|DPP4_HUMAN,42
ENA|FJ882942|FJ882942.1,sp|P28843|DPP4_MOUSE,38
ENA|FJ882946|FJ882946.1,sp|P27487|DPP4_HUMAN,42
ENA|FJ882946|FJ882946.1,sp|P28843|DPP4_MOUSE,38
ENA|FJ882947|FJ882947.1,sp|P27487|DPP4_HUMAN,42
ENA|FJ882947|FJ882947.1,sp|P28843|DPP4_MOUSE,38
ENA|FJ882949|FJ882949.1,sp|P27487|DPP4_HUMAN,42
ENA|FJ882949|FJ882949.1,sp|P28843|DPP4_MOUSE,38
ENA|FJ882951|FJ882951.1,sp|P27487|DPP4_HUMAN,42
ENA|FJ882951|FJ882951.1,sp|P28843|DPP4_MOUSE,38
ENA|FJ882953|FJ882953.1,sp|P27487|DPP4_HUMAN,42
ENA|FJ882953|FJ882953.1,sp|P28843|DPP4_MOUSE,38
ENA|FJ882959|FJ882959.1,sp|P27487|DPP4_HUMAN,42
ENA|FJ882959|FJ882959.1,sp|P28843|DPP4_MOUSE,38
ENA|FJ882962|FJ882962.1,sp|P27487|DPP4_HUMAN,42
ENA|FJ882962|FJ882962.1,sp|P28843|DPP4_MOUSE,38
ENA|GQ153539|GQ153539.1,sp|P27487|DPP4_HUMAN,46
ENA|GQ153539|GQ153539.1,sp|P28843|DPP4_MOUSE,43
ENA|GQ153540|GQ153540.1,sp|P27487|DPP4_HUMAN,45
ENA|GQ153540|GQ153540.1,sp|P28843|DPP4_MOUSE,43
ENA|GQ153541|GQ153541.1,sp|P27487|DPP4_HUMAN,46
ENA|GQ153541|GQ153541.1,sp|P28843|DPP4_MOUSE,43
ENA|GQ153542|GQ153542.1,sp|P27487|DPP4_HUMAN,49
ENA|GQ153542|GQ153542.1,sp|P28843|DPP4_MOUSE,44
ENA|GQ153543|GQ153543.1,sp|P27487|DPP4_HUMAN,49
ENA|GQ153543|GQ153543.1,sp|P28843|DPP4_MOUSE,44
ENA|GQ153544|GQ153544.1,sp|P27487|DPP4_HUMAN,45
ENA|GQ153544|GQ153544.1,sp|P28843|DPP4_MOUSE,43
ENA|GQ153545|GQ153545.1,sp|P27487|DPP4_HUMAN,45
ENA|GQ153545|GQ153545.1,sp|P28843|DPP4_MOUSE,43
ENA|GQ153546|GQ153546.1,sp|P27487|DPP4_HUMAN,45
ENA|GQ153546|GQ153546.1,sp|P28843|DPP4_MOUSE,43
ENA|GQ153547|GQ153547.1,sp|P27487|DPP4_HUMAN,46
ENA|GQ153547|GQ153547.1,sp|P28843|DPP4_MOUSE,43
ENA|GQ153548|GQ153548.1,sp|P27487|DPP4_HUMAN,45
ENA|GQ153548|GQ153548.1,sp|P28843|DPP4_MOUSE,43
ENA|GU553363|GU553363.1,sp|P27487|DPP4_HUMAN,42
ENA|GU553363|GU553363.1,sp|P28843|DPP4_MOUSE,38
ENA|GU553364|GU553364.1,sp|P27487|DPP4_HUMAN,42
ENA|GU553364|GU553364.1,sp|P28843|DPP4_MOUSE,38
ENA|GU553365|GU553365.1,sp|P27487|DPP4_HUMAN,42
ENA|GU553365|GU553365.1,sp|P28843|DPP4_MOUSE,38
ENA|HQ890526|HQ890526.1,sp|P27487|DPP4_HUMAN,42
ENA|HQ890526|HQ890526.1,sp|P28843|DPP4_MOUSE,38
ENA|HQ890527|HQ890527.1,sp|P27487|DPP4_HUMAN,42
ENA|HQ890527|HQ890527.1,sp|P28843|DPP4_MOUSE,38
ENA|HQ890528|HQ890528.1,sp|P27487|DPP4_HUMAN,42
ENA|HQ890528|HQ890528.1,sp|P28843|DPP4_MOUSE,38
ENA|HQ890529|HQ890529.1,sp|P27487|DPP4_HUMAN,42
ENA|HQ890529|HQ890529.1,sp|P28843|DPP4_MOUSE,38
ENA|HQ890530|HQ890530.1,sp|P27487|DPP4_HUMAN,42
ENA|HQ890530|HQ890530.1,sp|P28843|DPP4_MOUSE,38
ENA|HQ890531|HQ890531.1,sp|P27487|DPP4_HUMAN,42
ENA|HQ890531|HQ890531.1,sp|P28843|DPP4_MOUSE,38
ENA|HQ890532|HQ890532.1,sp|P27487|DPP4_HUMAN,42
ENA|HQ890532|HQ890532.1,sp|P28843|DPP4_MOUSE,38
ENA|HQ890533|HQ890533.1,sp|P27487|DPP4_HUMAN,42
ENA|HQ890533|HQ890533.1,sp|P28843|DPP4_MOUSE,38
ENA|HQ890534|HQ890534.1,sp|P27487|DPP4_HUMAN,42
ENA|HQ890534|HQ890534.1,sp|P28843|DPP4_MOUSE,38
ENA|HQ890535|HQ890535.1,sp|P27487|DPP4_HUMAN,42
ENA|HQ890535|HQ890535.1,sp|P28843|DPP4_MOUSE,38
ENA|HQ890536|HQ890536.1,sp|P27487|DPP4_HUMAN,42
ENA|HQ890536|HQ890536.1,sp|P28843|DPP4_MOUSE,38
ENA|HQ890537|HQ890537.1,sp|P27487|DPP4_HUMAN,42
ENA|HQ890537|HQ890537.1,sp|P28843|DPP4_MOUSE,38
ENA|HQ890538|HQ890538.1,sp|P27487|DPP4_HUMAN,42
ENA|HQ890538|HQ890538.1,sp|P28843|DPP4_MOUSE,38
ENA|HQ890539|HQ890539.1,sp|P27487|DPP4_HUMAN,42
ENA|HQ890539|HQ890539.1,sp|P28843|DPP4_MOUSE,38
ENA|HQ890540|HQ890540.1,sp|P27487|DPP4_HUMAN,42
ENA|HQ890540|HQ890540.1,sp|P28843|DPP4_MOUSE,38
ENA|JF292902|JF292902.1,sp|P27487|DPP4_HUMAN,42
ENA|JF292902|JF292902.1,sp|P28843|DPP4_MOUSE,38
ENA|JF292903|JF292903.1,sp|P27487|DPP4_HUMAN,42
ENA|JF292903|JF292903.1,sp|P28843|DPP4_MOUSE,38
ENA|JF292904|JF292904.1,sp|P27487|DPP4_HUMAN,42
ENA|JF292904|JF292904.1,sp|P28843|DPP4_MOUSE,38
ENA|JF292905|JF292905.1,sp|P27487|DPP4_HUMAN,42
ENA|JF292905|JF292905.1,sp|P28843|DPP4_MOUSE,38
ENA|JF292906|JF292906.1,sp|P27487|DPP4_HUMAN,42
ENA|JF292906|JF292906.1,sp|P28843|DPP4_MOUSE,38
ENA|JF292921|JF292921.1,sp|P27487|DPP4_HUMAN,42
ENA|JF292921|JF292921.1,sp|P28843|DPP4_MOUSE,38
ENA|JN854286|JN854286.1,sp|P27487|DPP4_HUMAN,42
ENA|JN854286|JN854286.1,sp|P28843|DPP4_MOUSE,38
ENA|KC881005|KC881005.1,sp|P27487|DPP4_HUMAN,41
ENA|KC881005|KC881005.1,sp|P28843|DPP4_MOUSE,43
ENA|KC881006|KC881006.1,sp|P27487|DPP4_HUMAN,41
ENA|KC881006|KC881006.1,sp|P28843|DPP4_MOUSE,43
ENA|KF367457|KF367457.1,sp|P27487|DPP4_HUMAN,41
ENA|KF367457|KF367457.1,sp|P28843|DPP4_MOUSE,43
ENA|KF514388|KF514388.1,sp|P27487|DPP4_HUMAN,42
ENA|KF514388|KF514388.1,sp|P28843|DPP4_MOUSE,38
ENA|KF514389|KF514389.1,sp|P27487|DPP4_HUMAN,42
ENA|KF514389|KF514389.1,sp|P28843|DPP4_MOUSE,38
ENA|KF514390|KF514390.1,sp|P27487|DPP4_HUMAN,42
ENA|KF514390|KF514390.1,sp|P28843|DPP4_MOUSE,38
ENA|KF514391|KF514391.1,sp|P27487|DPP4_HUMAN,42
ENA|KF514391|KF514391.1,sp|P28843|DPP4_MOUSE,38
ENA|KF514392|KF514392.1,sp|P27487|DPP4_HUMAN,42
ENA|KF514392|KF514392.1,sp|P28843|DPP4_MOUSE,38
ENA|KF514393|KF514393.1,sp|P27487|DPP4_HUMAN,42
ENA|KF514393|KF514393.1,sp|P28843|DPP4_MOUSE,38
ENA|KF514394|KF514394.1,sp|P27487|DPP4_HUMAN,42
ENA|KF514394|KF514394.1,sp|P28843|DPP4_MOUSE,38
ENA|KF514395|KF514395.1,sp|P27487|DPP4_HUMAN,42
ENA|KF514395|KF514395.1,sp|P28843|DPP4_MOUSE,38
ENA|KF514396|KF514396.1,sp|P27487|DPP4_HUMAN,42
ENA|KF514396|KF514396.1,sp|P28843|DPP4_MOUSE,38
ENA|KF514397|KF514397.1,sp|P27487|DPP4_HUMAN,42
ENA|KF514397|KF514397.1,sp|P28843|DPP4_MOUSE,38
ENA|KF514398|KF514398.1,sp|P27487|DPP4_HUMAN,42
ENA|KF514398|KF514398.1,sp|P28843|DPP4_MOUSE,38
ENA|KF514399|KF514399.1,sp|P27487|DPP4_HUMAN,42
ENA|KF514399|KF514399.1,sp|P28843|DPP4_MOUSE,38
ENA|KF514400|KF514400.1,sp|P27487|DPP4_HUMAN,42
ENA|KF514400|KF514400.1,sp|P28843|DPP4_MOUSE,38
ENA|KF514401|KF514401.1,sp|P27487|DPP4_HUMAN,42
ENA|KF514401|KF514401.1,sp|P28843|DPP4_MOUSE,38
ENA|KF514402|KF514402.1,sp|P27487|DPP4_HUMAN,42
ENA|KF514402|KF514402.1,sp|P28843|DPP4_MOUSE,38
ENA|KF514403|KF514403.1,sp|P27487|DPP4_HUMAN,42
ENA|KF514403|KF514403.1,sp|P28843|DPP4_MOUSE,38
ENA|KF514404|KF514404.1,sp|P27487|DPP4_HUMAN,42
ENA|KF514404|KF514404.1,sp|P28843|DPP4_MOUSE,38
ENA|KF514405|KF514405.1,sp|P27487|DPP4_HUMAN,42
ENA|KF514405|KF514405.1,sp|P28843|DPP4_MOUSE,38
ENA|KF514406|KF514406.1,sp|P27487|DPP4_HUMAN,42
ENA|KF514406|KF514406.1,sp|P28843|DPP4_MOUSE,38
ENA|KF514407|KF514407.1,sp|P27487|DPP4_HUMAN,42
ENA|KF514407|KF514407.1,sp|P28843|DPP4_MOUSE,38
ENA|KF514408|KF514408.1,sp|P27487|DPP4_HUMAN,42
ENA|KF514408|KF514408.1,sp|P28843|DPP4_MOUSE,38
ENA|KF514409|KF514409.1,sp|P27487|DPP4_HUMAN,42
ENA|KF514409|KF514409.1,sp|P28843|DPP4_MOUSE,38
ENA|KF514410|KF514410.1,sp|P27487|DPP4_HUMAN,42
ENA|KF514410|KF514410.1,sp|P28843|DPP4_MOUSE,38
ENA|KF514411|KF514411.1,sp|P27487|DPP4_HUMAN,42
ENA|KF514411|KF514411.1,sp|P28843|DPP4_MOUSE,38
ENA|KF514412|KF514412.1,sp|P27487|DPP4_HUMAN,42
ENA|KF514412|KF514412.1,sp|P28843|DPP4_MOUSE,38
ENA|KF514413|KF514413.1,sp|P27487|DPP4_HUMAN,42
ENA|KF514413|KF514413.1,sp|P28843|DPP4_MOUSE,38
ENA|KF514414|KF514414.1,sp|P27487|DPP4_HUMAN,42
ENA|KF514414|KF514414.1,sp|P28843|DPP4_MOUSE,38
ENA|KF514415|KF514415.1,sp|P27487|DPP4_HUMAN,42
ENA|KF514415|KF514415.1,sp|P28843|DPP4_MOUSE,38
ENA|KF514416|KF514416.1,sp|P27487|DPP4_HUMAN,42
ENA|KF514416|KF514416.1,sp|P28843|DPP4_MOUSE,38
ENA|KF514417|KF514417.1,sp|P27487|DPP4_HUMAN,42
ENA|KF514417|KF514417.1,sp|P28843|DPP4_MOUSE,38
ENA|KF514418|KF514418.1,sp|P27487|DPP4_HUMAN,42
ENA|KF514418|KF514418.1,sp|P28843|DPP4_MOUSE,38
ENA|KF514419|KF514419.1,sp|P27487|DPP4_HUMAN,42
ENA|KF514419|KF514419.1,sp|P28843|DPP4_MOUSE,38
ENA|KF514420|KF514420.1,sp|P27487|DPP4_HUMAN,42
ENA|KF514420|KF514420.1,sp|P28843|DPP4_MOUSE,38
ENA|KF514421|KF514421.1,sp|P27487|DPP4_HUMAN,42
ENA|KF514421|KF514421.1,sp|P28843|DPP4_MOUSE,38
ENA|KF514422|KF514422.1,sp|P27487|DPP4_HUMAN,42
ENA|KF514422|KF514422.1,sp|P28843|DPP4_MOUSE,38
ENA|KF514423|KF514423.1,sp|P27487|DPP4_HUMAN,42
ENA|KF514423|KF514423.1,sp|P28843|DPP4_MOUSE,38
ENA|KY417142|KY417142.1,sp|P27487|DPP4_HUMAN,41
ENA|KY417142|KY417142.1,sp|P28843|DPP4_MOUSE,43
ENA|KY417143|KY417143.1,sp|P27487|DPP4_HUMAN,46
ENA|KY417143|KY417143.1,sp|P28843|DPP4_MOUSE,42
ENA|KY417146|KY417146.1,sp|P27487|DPP4_HUMAN,42
ENA|KY417146|KY417146.1,sp|P28843|DPP4_MOUSE,43
ENA|KY417147|KY417147.1,sp|P27487|DPP4_HUMAN,46
ENA|KY417147|KY417147.1,sp|P28843|DPP4_MOUSE,45
ENA|KY417148|KY417148.1,sp|P27487|DPP4_HUMAN,41
ENA|KY417148|KY417148.1,sp|P28843|DPP4_MOUSE,42
ENA|KY417150|KY417150.1,sp|P27487|DPP4_HUMAN,42
ENA|KY417150|KY417150.1,sp|P28843|DPP4_MOUSE,43
ENA|KY417151|KY417151.1,sp|P27487|DPP4_HUMAN,45
ENA|KY417151|KY417151.1,sp|P28843|DPP4_MOUSE,45
ENA|KY417152|KY417152.1,sp|P27487|DPP4_HUMAN,42
ENA|KY417152|KY417152.1,sp|P28843|DPP4_MOUSE,45
ENA|AB257344|AB257344.1,sp|P27487|DPP4_HUMAN,42
ENA|AB257344|AB257344.1,sp|P28843|DPP4_MOUSE,38
ENA|AY274119|AY274119.3,sp|P27487|DPP4_HUMAN,42
ENA|AY274119|AY274119.3,sp|P28843|DPP4_MOUSE,38
ENA|AY304486|AY304486.1,sp|P27487|DPP4_HUMAN,50
ENA|AY304486|AY304486.1,sp|P28843|DPP4_MOUSE,52
ENA|AY304488|AY304488.1,sp|P27487|DPP4_HUMAN,50
ENA|AY304488|AY304488.1,sp|P28843|DPP4_MOUSE,52
ENA|AY515512|AY515512.1,sp|P27487|DPP4_HUMAN,42
ENA|AY515512|AY515512.1,sp|P28843|DPP4_MOUSE,38
ENA|AY572034|AY572034.1,sp|P27487|DPP4_HUMAN,42
ENA|AY572034|AY572034.1,sp|P28843|DPP4_MOUSE,38
ENA|DQ071615|DQ071615.1,sp|P27487|DPP4_HUMAN,46
ENA|DQ071615|DQ071615.1,sp|P28843|DPP4_MOUSE,47
ENA|DQ084200|DQ084200.1,sp|P27487|DPP4_HUMAN,46
ENA|DQ084200|DQ084200.1,sp|P28843|DPP4_MOUSE,43
ENA|DQ412042|DQ412042.1,sp|P27487|DPP4_HUMAN,47
ENA|DQ412042|DQ412042.1,sp|P28843|DPP4_MOUSE,42
ENA|DQ412043|DQ412043.1,sp|P27487|DPP4_HUMAN,51
ENA|DQ412043|DQ412043.1,sp|P28843|DPP4_MOUSE,43
ENA|FJ588686|FJ588686.1,sp|P27487|DPP4_HUMAN,52
ENA|FJ588686|FJ588686.1,sp|P28843|DPP4_MOUSE,42
ENA|KP886808|KP886808.1,sp|P27487|DPP4_HUMAN,43
ENA|KP886808|KP886808.1,sp|P28843|DPP4_MOUSE,53
ENA|KP886809|KP886809.1,sp|P27487|DPP4_HUMAN,43
ENA|KP886809|KP886809.1,sp|P28843|DPP4_MOUSE,53
ENA|KU973692|KU973692.1,sp|P27487|DPP4_HUMAN,45
ENA|KU973692|KU973692.1,sp|P28843|DPP4_MOUSE,45
